drNo,drName,drAuto,drAdd
1244,대박천하복권방,자동,서울 은평구 연서로 150 1층 1호
1244,인터넷 복권판매사이트,수동,동행복권(dhlottery.co.kr)
1244,복권마트,자동,서울 서대문구 세검정로 31
1244,가로판매대,자동,서울 강동구 올림픽로 648 천호역 3번 출구 앞(가판점)
1244,롯데무역,수동,부산 영도구 꿈나무길 197 1층 복권방
1244,대원슈퍼마켓,자동,부산 수영구 수영로 524
1244,꿈꾸는 로또,수동,부산 부산진구 동평로 84-1
1244,빅세일복권방,수동,부산 부산진구 서면문화로 6
1244,천국열쇠,수동,전남광주 북구 북문대로 157
1244,인생로또,자동,울산 북구 천곡남로 33
1244,로또25시,자동,울산 남구 수암로288번길 1
1244,로또왕대박,자동,경기 화성시 효행구 와우안길 46 1층
1244,지제역로또,자동,경기 평택시 모산영신1길 39 1층 102호
1244,지니로또복권방,자동,경기 오산시 대호로 70
1244,로또복권방,수동,경기 안양시 만안구 경수대로 1265 103호
1244,평촌역 명당복권방(2번출구),자동,경기 안양시 동안구 관평로186번길 53 1층 101-2호(관양동/씨티빌딩)
1244,단비복권방,자동,경기 시흥시 다솜마을2길 1 101호
1244,참사랑복권방,자동,충남 천안시 서북구 백석3로 134 대건프라자 109호
